word,num_syll
Отравлен,3
хлеб,1
и,1
воздух,2
выпит,2
Как,1
трудно,2
раны,2
врачевать,3
Иосиф,3
проданный,3
в,0
Египет,3
Не,1
мог,1
сильнее,3
тосковать,3
Под,1
звездным,2
небом,2
бедуины,4
Закрыв,2
глаза,2
на,1
коне,2
Слагают,3
вольные,3
былины,3
О,1
смутно,2
пережитом,4
дне,1
Немного,3
нужно,2
для,1
наитий,3
Кто,1
потерял,3
песке,2
колчан,2
выменял,3
коня,2
событий,3
Рассеивается,6
туман,2
если,2
подлинно,3
поется,3
полной,2
грудью,2
наконец,3
Все,1
исчезает,4
остается,4
Пространство,3
звезды,2
певец,2
Образ,2
твой,1
мучительный,4
зыбкий,2
Я,1
тумане,3
осязать,3
Господи,3
сказал,2
по,1
ошибке,3
Сам,1
того,2
думая,3
сказать,2
Божье,2
имя,2
большая,3
птица,2
Вылетело,4
из,1
моей,2
груди,2
Впереди,3
густой,2
клубится,3
пустая,3
клетка,2
позади,3
Слух,1
чуткий,2
парус,2
напрягает,4
Расширенный,4
пустеет,3
взор,1
тишину,3
переплывает,5
Полночных,3
птиц,1
незвучный,3
хор,1
так,1
же,1
беден,2
природа,3
прост,1
небеса,3
призрачна,3
моя,2
свобода,3
голоса,3
вижу,2
месяц,2
бездыханный,4
небо,2
мертвенней,3
холста,2
мир,1
болезненный,4
странный,2
принимаю,4
пустота,3
временах,3
простых,2
грубых,2
Копыта,3
конские,3
твердят,2
дворники,3
тяжелых,3
шубах,2
деревянных,4
лавках,2
спят,1
стук,1
железные,4
ворота,3
Привратник,3
царственно,3
ленив,2
Встал,1
звериная,4
зевота,3
Напомнила,4
скиф,1
Когда,2
с,0
дряхлеющей,4
любовью,3
Мешая,3
песнях,2
Рим,1
снег,1
Овидий,3
пел,1
арбу,2
воловью,3
походе,3
варварских,3
телег,2
Кинематограф,5
Три,1
скамейки,3
Сантиментальная,6
горячка,3
Аристократка,5
богачка,3
сетях,2
соперницызлодейки,7
удержать,3
любви,2
полета,3
Она,2
ни,1
чем,1
виновата,4
Самоотверженно,6
брата,2
Любила,3
лейтенанта,4
флота,2
А,1
он,1
скитается,4
пустыне,3
Седого,3
графа,2
сын,1
побочный,3
начинается,5
лубочный,3
Роман,2
красавицыграфини,7
исступленье,4
гитана,3
заламывает,5
руки,2
Разлука,3
Бешеные,4
звуки,2
Затравленного,5
фортепьяно,4
доверчивой,4
слабой,2
Еще,2
достаточно,4
отваги,3
Похитить,3
важные,3
бумаги,3
неприятельского,6
штаба,2
каштановой,4
аллее,3
Чудовищный,4
мотор,2
несется,3
Стрекочет,3
лента,2
сердце,2
бьется,2
Тревожнее,4
веселее,4
дорожном,3
платье,2
саквояжем,4
автомобиле,5
вагоне,3
боится,3
лишь,1
погони,3
Сухим,2
измучена,4
миражем,3
Какая,3
горькая,3
нелепость,3
Цель,1
оправдывает,5
средства,2
Ему,2
отцовское,4
наследство,3
ей,1
пожизненная,5
крепость,2
таверне,3
воровская,4
шайка,2
Всю,1
ночь,1
играла,3
домино,3
Пришла,2
яичницей,4
хозяйка,3
Монахи,3
выпили,3
вино,2
башне,2
спорили,3
химеры,3
Которая,4
них,1
урод,2
утром,2
проповедник,4
серый,2
палатки,3
призывал,3
народ,2
рынке,2
возятся,3
собаки,3
Менялы,3
щелкает,3
замок,2
У,1
вечности,3
ворует,3
всякий,2
вечность,2
морской,2
песок,2
осыпается,5
телеги,3
хватит,2
мешки,2
рогож,2
недовольный,4
ночлеге,3
Монах,2
рассказывает,5
ложь,1
поныне,3
Афоне,3
Древо,2
чудное,3
растет,2
крутом,2
зеленом,3
склоне,2
Божие,3
поет,2
каждой,2
радуются,4
келье,2
Имябожцымужики,7
Слово,2
чистое,3
веселье,3
Исцеленье,4
от,1
тоски,2
Всенародно,4
громогласно,4
Чернецы,3
осуждены,4
Но,1
ереси,3
прекрасной,3
Мы,1
спасаться,3
должны,2
Каждый,2
раз,1
любим,2
нее,2
впадаем,3
вновь,1
Безымянную,5
губим,2
Вместе,2
именем,3
любовь,2
увижу,3
знаменитой,4
Федры,2
старинном,3
многоярусном,5
театре,3
прокопченной,4
высокой,3
галереи,4
При,1
свете,2
оплывающих,5
свечей,2
равнодушен,4
к,0
суете,3
актеров,3
Сбирающих,4
рукоплесканий,5
жатву,2
услышу,3
обращенный,4
рампе,2
Двойною,3
рифмой,2
оперенный,4
стих,1
эти,2
покрывала,4
мне,1
постылы,3
Театр,2
Расина,3
Мощная,3
завеса,3
Нас,1
отделяет,4
другого,3
мира,2
Глубокими,4
морщинами,4
волнуя,3
Меж,1
ним,1
нами,2
занавес,3
лежит,2
Спадают,3
плеч,1
классические,5
шали,2
Расплавленный,4
страданьем,3
крепнет,2
голос,2
достигает,4
скорбного,3
закала,3
Негодованьем,5
раскаленный,4
слог,1
опоздал,3
празднество,3
шелестят,3
истлевшие,4
афиши,3
слабо,2
пахнет,2
апельсинной,4
коркой,2
словно,2
столетней,3
летаргии,4
Очнувшийся,4
сосед,2
говорит,3
Измученный,4
безумством,3
Мельпомены,4
этой,2
жизни,2
жажду,2
только,2
Уйдем,2
покуда,3
зрителишакалы,6
растерзанье,4
музы,2
пришли,2
бы,1
грек,1
увидел,3
наши,2
игры,2
Звук,1
осторожный,4
глухой,2
Плода,2
сорвавшегося,5
древа,2
Среди,2
немолчного,4
напева,3
Глубокой,3
тишины,3
лесной,2
Нет,1
луна,2
светлый,2
циферблат,3
Сияет,3
виноват,3
Что,1
слабых,2
звезд,1
осязаю,4
млечность,2
Батюшкова,4
противна,3
спесь,1
Который,3
час,1
его,2
спросили,3
здесь,1
ответил,3
любопытным,4
родилась,3
музыка,3
потому,3
всего,2
живого,3
Ненарушаемая,7
связь,1
Спокойно,3
дышат,2
моря,2
безумный,3
светел,2
день,1
пены,2
бледная,3
сирень,2
чернолазоревом,6
сосуде,3
Да,1
обретут,3
мои,2
уста,2
Первоначальную,6
немоту,3
кристаллическую,6
ноту,2
рождения,4
чиста,2
Останься,3
пеной,2
Афродита,4
музыку,3
вернись,2
сердца,2
устыдись,3
первоосновой,5
слито,2
Заснула,3
чернь,1
Зияет,3
площадь,2
аркой,2
Луной,2
облита,3
бронзовая,4
дверь,1
Арлекин,3
вздыхал,2
славе,2
яркой,2
Александра,4
замучил,3
Зверь,1
Курантов,3
бой,1
тени,2
государей,4
Россия,3
ты,1
камне,2
крови,2
Участвовать,4
твоей,2
железной,3
каре,2
Хоть,1
тяжестью,3
меня,2
благослови,4
Средь,1
аляповатых,5
дач,1
Где,1
шатается,4
шарманка,3
собой,2
летает,3
мяч,1
волшебная,4
приманка,3
смиривший,3
грубый,2
пыл,1
Облеченный,4
альпийский,3
резвой,2
девушкой,3
вступил,2
поединок,4
олимпийский,4
Слишком,2
дряхлы,2
струны,2
лир,1
Золотой,3
ракеты,3
Укрепил,3
бросил,2
Англичанин,4
вечно,2
юный,2
творит,2
обряд,2
легко,2
вооруженный,5
аттический,4
солдат,2
своего,3
врага,2
влюбленный,3
Май,1
Грозовых,3
туч,1
клочки,2
Неживая,4
зелень,2
чахнет,2
моторы,3
гудки,2
бензином,3
Ключевую,4
воду,2
пьет,1
ковша,2
спортсмэн,2
веселый,3
опять,2
война,2
идет,2
мелькает,3
локоть,2
голый,2
поклонник,3
радости,3
предвзятой,3
Подчас,2
серое,3
пятно,2
опьяненье,4
легком,2
суждено,3
Изведать,3
краски,2
небогатой,4
Играет,3
ветер,2
тучею,3
косматой,3
Ложится,3
якорь,2
морское,3
дно,1
бездыханная,5
полотно,3
Душа,2
висит,2
над,1
бездною,3
проклятой,3
люблю,2
дюнах,2
казино,3
Широкий,3
вид,1
туманное,4
окно,2
тонкий,2
луч,1
скатерти,3
измятой,3
окружен,3
водой,2
зеленоватой,5
роза,2
хрустале,3
следить,2
за,1
чайкою,3
крылатой,3
Пусть,1
имена,3
цветущих,3
городов,3
Ласкают,3
значительностью,5
бренной,2
город,2
живет,2
веков,2
место,2
человека,4
во,1
вселенной,3
Им,1
овладеть,3
пытаются,4
цари,2
Священники,4
оправдывают,5
войны,2
без,1
него,2
презрения,4
достойны,3
жалкий,2
сор,1
дома,2
алтари,3
Смутнодышащими,6
листьями,3
Черный,2
шелестит,3
трепещущая,5
ласточка,3
темном,2
небе,2
круг,1
чертит,2
Тихо,2
спорят,2
ласковом,3
Умирающем,5
моем,2
Наступающие,6
сумерки,3
догорающим,5
лучом,2
лесом,2
вечереющим,5
Встала,2
медная,3
Отчего,3
мало,2
музыки,3
такая,3
тишина,3
напряженного,5
молчанья,3
выносим,3
Несовершенство,5
душ,1
обидно,3
замешательстве,5
уж,1
объявился,4
чтец,1
радостно,3
приветствовали,5
просим,2
знал,1
присутствовал,4
незримо,3
Кошмарный,3
человек,3
читает,3
Улялюм,3
Значенье,3
суета,3
шум,1
фонетика,4
служанка,3
серафима,4
доме,2
Эшеров,3
Эдгара,3
пела,2
арфа,2
пил,1
очнулся,3
умолк,2
был,1
улице,3
Свистел,2
осенний,3
шелк,1
горло,2
греет,2
щекочущего,5
шарфа,2
вторника,3
до,1
субботы,3
Одна,2
пустыня,3
пролегла,3
длительные,4
перелеты,4
Семь,1
тысяч,2
верст,1
стрела,2
ласточки,3
летели,3
водяным,3
путем,2
Четыре,3
дня,1
они,2
висели,3
зачерпнув,3
воды,2
крылом,2
столице,3
северной,3
томится,3
пыльный,2
тополь,2
Запутался,4
листве,2
прозрачный,3
темной,2
зелени,3
фрегат,2
или,2
акрополь,3
издали,3
воде,2
небу,2
брат,1
Ладья,2
воздушная,4
мачтанедотрога,6
Служа,2
линейкою,4
преемникам,4
Петра,2
учит,2
красота,3
прихоть,2
полубога,4
хищный,2
глазомер,3
простого,3
столяра,3
Нам,1
четырех,3
стихий,2
приязненно,4
господство,3
создал,2
пятую,3
свободный,3
отрицает,4
ли,1
пространства,3
превосходство,4
Сей,1
целомудренно,5
построенный,4
ковчег,2
Сердито,3
лепятся,3
капризные,4
медузы,3
плуги,2
брошены,3
ржавеют,3
якоря,3
вот,1
разорваны,4
трех,1
измерений,4
узы,2
открываются,5
всемирные,4
Обиженно,4
уходят,3
холмы,2
Римом,2
недовольные,5
плебеи,3
Старухиовцы,5
черные,3
халдеи,3
Исчадье,3
ночи,2
капюшонах,4
тьмы,1
Их,1
тысячи,3
передвигают,5
жердочки,3
мохнатые,4
колени,3
Трясутся,3
бегут,2
курчавой,3
пене,2
жеребья,3
огромном,3
колесе,3
нужен,2
царь,1
Авентин,3
Овечий,3
семью,2
холмами,3
Собачий,3
лай,1
костер,2
небесами,4
горький,2
дым,1
жилища,3
овин,2
кустарник,3
двинулся,3
стеной,2
побежали,4
воинов,3
идут,2
священном,3
беспорядке,4
руно,2
тяжелою,4
волной,2
Сусальным,3
золотом,3
горят,2
лесах,2
рождественские,5
елки,2
кустах,2
игрушечные,5
волки,2
Глазами,3
страшными,3
глядят,2
вещая,3
печаль,2
тихая,3
неживого,4
небосвода,4
Всегда,2
смеющийся,4
хрусталь,2
выбежав,3
свободен,3
Стал,1
колоннады,4
полукруг,3
распластался,4
храм,1
Господень,3
легкий,2
крестовикпаук,5
зодчий,2
итальянец,4
русский,2
Риме,2
ну,1
ж,0
иностранец,4
Сквозь,1
рощу,2
портиков,3
идешь,2
храма,2
маленькое,4
тело,2
Одушевленнее,6
стократ,2
Гиганта,3
скалою,3
целой,2
земле,2
беспомощный,4
прижат,2
пронзительнее,5
свиста,2
слышу,2
английский,3
язык,2
Оливера,4
Твиста,2
кипами,3
конторских,3
книг,1
Чарльза,2
Диккенса,3
спросите,3
было,2
Лондоне,3
тогда,2
Контора,3
Домби,2
старом,2
Сити,2
Темзы,2
желтая,3
вода,2
Дожди,2
слезы,2
Белокурый,4
нежный,2
мальчик,2
Домбисын,3
Веселых,3
клэрков,2
каламбуры,4
понимает,4
один,2
конторе,3
сломанные,4
стулья,2
шиллинги,3
пэнсы,2
счет,1
пчелы,2
вылетев,3
улья,2
Роятся,3
цифры,2
круглый,2
год,1
грязных,2
адвокатов,4
жало,2
Работает,4
табачной,3
мгле,1
старая,3
мочала,3
Банкрот,2
болтается,4
петле,2
стороне,3
врагов,2
законы,3
ничем,2
нельзя,2
помочь,2
клетчатые,4
панталоны,4
Рыдая,3
обнимает,4
дочь,1
Невыразимая,6
Открыла,3
два,1
огромных,3
Цветочная,4
проснулась,3
ваза,2
выплеснула,4
свой,1
Вся,1
комната,3
напоена,4
Истомой,3
сладкое,3
лекарство,3
Такое,3
царство,2
много,2
поглотило,4
сна,1
красного,3
вина,2
солнечного,4
мая,2
тоненький,3
бисквит,2
ломая,3
Тончайших,3
пальцев,2
белизна,3
Дев,1
полуночных,4
отвага,3
безумных,3
разбег,2
привяжется,4
бродяга,3
Вымогая,4
ночлег,2
скажите,3
сознанье,3
Виноградом,4
замутит,3
явь,1
созданье,3
Медный,2
всадник,2
гранит,2
крепости,3
сигналы,3
Замечаю,4
тепло,2
Выстрел,2
пушечный,3
подвалы,3
Вероятно,4
донесло,3
гораздо,3
глубже,2
бреда,2
Воспаленной,4
головы,3
трезвая,3
беседа,3
западный,3
Невы,2
вздрагиваю,4
холода,3
хочется,3
онеметь,3
танцует,3
золото,3
Приказывает,5
петь,1
Томись,2
музыкант,3
встревоженный,4
Люби,2
вспоминай,3
плачь,1
тусклой,2
планеты,3
брошенный,3
Подхватывай,4
настоящая,5
таинственным,4
миром,2
тоска,2
щемящая,4
беда,2
стряслась,2
вздрогнув,2
неправильно,4
Мерцающая,5
Своей,2
булавкой,3
заржавленной,4
Достанет,3
звезда,2
Сегодня,3
дурной,2
Кузнечиков,4
спит,1
сумрачных,3
скал,1
сень,1
Мрачней,2
гробовых,3
плит,1
Мелькающих,4
стрел,1
звон,1
вещих,2
ворон,2
крик,1
сон,1
мигом,2
летит,2
миг,1
Явлений,3
раздвинь,2
грань,1
Земную,3
разрушь,2
клеть,1
яростный,3
гимн,1
грянь,1
Бунтующих,4
тайн,1
медь,1
маятник,3
строг,1
Качается,4
глух,1
прям,1
страстно,2
стучит,2
рок,1
запретную,4
Быть,1
может,2
тебе,2
пучины,3
мировой,3
раковина,4
жемчужин,3
выброшен,3
берег,2
равнодушно,4
волны,2
пенишь,2
несговорчиво,5
поешь,2
полюбишь,3
оценишь,3
Ненужной,3
раковины,4
ней,1
рядом,2
ляжешь,2
Оденешь,3
ризою,3
неразрывно,4
нею,2
свяжешь,2
Огромный,3
колокол,3
зыбей,2
хрупкой,2
стены,2
нежилого,4
дом,1
Наполнишь,3
шепотами,4
Туманом,3
ветром,2
дождем,2
луне,2
одной,2
былинки,3
весь,1
Делает,3
корзинки,3
соломы,3
плетет,2
Легкие,3
полутьма,3
опрятней,3
Просто,2
голубятни,4
Голубые,4
Чудоголубятни,6
Бессонница,4
Гомер,2
Тугие,3
паруса,3
список,2
кораблей,3
прочел,2
середины,4
длинный,2
выводок,3
поезд,2
журавлиный,4
Элладою,4
когдато,3
поднялся,3
клин,1
чужие,3
рубежи,3
головах,3
царей,2
божественная,5
пена,2
Куда,2
плывете,3
вы,1
Елена,3
Троя,2
вам,1
ахейские,4
мужи,2
море,2
движется,3
Кого,2
слушать,2
молчит,2
черное,3
витийствуя,4
шумит,2
тяжким,2
грохотом,3
подходит,3
изголовью,4
желтизной,3
правительственных,5
зданий,2
Кружилась,3
долго,2
мутная,3
метель,2
правовед,3
садится,3
сани,2
Широким,3
жестом,2
запахнув,3
шинель,2
Зимуют,3
пароходы,4
припеке,3
Зажглось,2
каюты,3
толстое,3
стекло,2
Чудовищна,4
броненосец,4
доке,2
отдыхает,4
тяжело,3
Невой,2
посольства,3
полумира,4
Адмиралтейство,5
солнце,2
государства,4
жесткая,3
порфира,3
власяница,4
грубая,3
бедна,2
Тяжка,2
обуза,3
северного,4
сноба,2
Онегина,4
старинная,4
площади,3
Сената,3
вал,1
сугроба,3
Дымок,2
костра,2
холодок,3
штыка,2
Черпали,3
ялики,3
чайки,2
Морские,3
посещали,4
склад,1
пеньки,2
продавая,4
сбитень,2
сайки,2
оперные,4
бродят,2
мужики,3
моторов,3
вереница,4
Самолюбивый,5
скромный,2
пешеход,3
Чудак,2
Евгений,3
бедности,3
стыдится,3
Бензин,2
вдыхает,3
судьбу,2
клянет,2
омута,3
злого,2
вязкого,3
вырос,2
тростинкой,3
шурша,2
томно,2
ласково,3
Запретною,4
жизнью,2
дыша,2
никну,2
никем,2
замеченный,4
холодный,3
топкий,2
приют,2
Приветственным,4
шелестом,3
встреченный,3
Коротких,3
осенних,3
минут,2
счастлив,2
жестокой,3
обидою,4
похожей,3
каждому,3
тайно,2
завидую,4
каждого,3
влюблен,2
АйяСофия,5
остановиться,5
Судил,2
Господь,2
народам,3
царям,2
Ведь,1
купол,2
слову,2
очевидца,4
цепи,2
подвешен,3
небесам,3
всем,1
векам,2
пример,2
Юстиниана,5
чужих,2
богов,2
Позволила,4
эфесская,4
Диана,3
Сто,1
зеленых,3
мраморных,3
столбов,2
думал,2
строитель,3
щедрый,2
душой,2
помыслом,3
высок,2
Расположил,4
апсиды,3
экседры,3
указав,3
запад,2
восток,2
Прекрасен,3
купающийся,5
мире,2
сорок,2
окон,2
света,2
торжество,3
парусах,3
куполом,3
Архангела,4
прекраснее,4
мудрое,3
сферическое,5
зданье,2
Народы,3
века,2
переживет,4
серафимов,4
гулкое,3
рыданье,3
покоробит,4
темных,2
позолот,3
перламутровый,5
челнок,2
Натягивая,5
шёлка,2
нити,2
пальцы,2
гибкие,3
начните,3
Очаровательный,6
урок,2
Приливы,3
отливы,3
рук,1
Однообразные,6
движенья,3
заклинаешь,4
сомненья,3
Какойто,3
солнечный,3
испуг,2
широкая,4
ладонь,2
пламенея,4
То,1
гаснет,2
теням,2
тяготея,4
розовый,3
уйдет,2
огонь,2
свободе,3
небывалой,4
Сладко,2
думать,2
свечи,2
побудь,2
со,1
мной,1
сначала,3
Верность,2
плакала,3
мою,2
корону,3
Возлагаю,4
тебя,2
Чтоб,1
закону,3
Подчинился,4
любя,2
Обручен,3
Эту,2
легкую,3
Никогда,3
сниму,2
брошенным,3
пространстве,3
Обреченным,4
умереть,3
прекрасном,3
постоянстве,4
верности,3
жалеть,2
Есть,1
ценностей,3
незыблемая,5
ска́ла,2
скучными,3
ошибками,4
наложена,4
опала,3
автора,3
возвышенных,4
стихов,2
вслед,1
тем,1
Сумароков,4
Пролепетал,4
заученную,5
роль,1
царский,2
посох,2
скинии,3
пророков,3
цвела,2
торжественная,5
боль,1
делать,2
полуслова,4
полумаск,3
герои,3
явленье,3
Озерова,4
Последний,3
трагической,4
зари,2
стою,2
могу,2
иначе,3
просветлеет,4
темная,3
гора,2
кряжистого,4
Лютера,3
незрячий,3
Витает,3
дух,1
кони,2
медленно,3
ступают,3
фонарях,3
огня,2
люди,2
верно,2
знают,2
везут,2
вверяюсь,3
заботе,3
холодно,3
спать,1
хочу,2
Подбросило,4
повороте,4
Навстречу,3
звездному,3
лучу,2
Горячей,3
качанье,3
лед,1
чужой,2
елей,2
очертанья,4
невиданные,5
Уже,2
светло,2
сирена,3
седьмом,2
часу,2
утра,2
Старик,2
похожий,3
Верлэна,3
Теперь,2
твоя,2
пора,2
глазах,2
лукавый,3
детский,2
Зеленый,3
огонек,3
шею,2
нацепил,3
турецкий,3
Узорчатый,4
платок,2
богохульствует,5
бормочет,3
Несвязные,4
слова,2
исповедываться,6
хочет,2
согрешить,3
сперва,2
Разочарованный,6
рабочий,3
Иль,1
огорченный,4
мот,1
глаз,1
подбитый,3
недрах,2
радуга,3
цветет,2
руганью,3
ярости,3
бледна,2
Встречает,3
пьяного,3
Сократа,3
Суровая,4
жена,2
обитаемая,6
духом,2
избранных,3
удел,2
Орлиным,3
зреньем,2
дивным,2
слухом,2
Священник,3
римский,2
уцелел,3
голубь,2
грома,2
Которым,3
церковь,2
апостольском,4
созвучье,3
Roma,0
веселит,3
повторяю,4
это,2
вечным,2
небес,2
говоривший,4
сумраке,3
исчез,2
бледноголубой,5
эмали,3
мыслима,3
апреле,3
Березы,3
ветви,2
поднимали,4
незаметно,4
вечерели,4
Узор,2
отточенный,4
мелкий,2
Застыла,3
тоненькая,4
сетка,2
фарфоровой,4
тарелке,3
Рисунок,3
вычерченный,4
метко,2
художник,3
милый,2
Выводит,3
стеклянной,3
тверди,2
сознании,4
минутной,3
силы,2
забвении,4
печальной,3
смерти,2
мой,1
Сердцевина,4
бытия,3
Скоро,2
ль,0
истиной,3
народа,3
Станет,2
истина,3
поклонился,4
Прежде,2
себя,2
нашел,2
взял,1
развеселился,5
далекий,3
пошел,2
снега,2
черных,2
пашнях,2
растают,3
моих,2
домашних,3
попрежнему,4
чужда,2
растает,3
утесах,3
Солнцем,2
истины,3
палим,2
Прав,1
вручивший,3
увидевшему,5
удар,2
ударами,4
встречается,4
надо,2
мною,2
роковой,3
Неутомимый,5
судьбой,2
Торопится,4
грубо,2
остановится,5
упадет,3
веретено,4
невозможно,4
встретиться,3
условиться,4
уклониться,4
дано,2
Узоры,3
острые,3
переплетаются,6
быстрее,3
быстрей,2
Отравленные,5
дротики,3
взвиваются,4
руках,2
отважных,3
дикарей,3
омуте,3
прозрачно,3
темно,2
томное,3
белеет,3
оно,2
упорно,3
тяжелеет,4
всею,2
ко,1
дну,1
Соскучившись,4
милом,2
иле,2
соломинка,4
минуя,3
глубину,3
Наверх,2
всплывает,3
усилий,3
притворной,3
нежностью,3
изголовья,4
стой,1
жизнь,1
баюкай,3
небылицею,5
тоской,2
ласков,2
будь,1
надменной,3
скукой,2
Вполоборота,5
равнодушных,4
поглядела,4
Спадая,3
окаменела,5
Ложноклассическая,7
шаль,1
Зловещий,3
хмель,1
Души,2
расковывает,5
недра,2
негодующая,6
Федра,2
Стояла,3
некогда,3
Рашель,2
Душный,2
сумрак,2
кроет,2
ложе,2
Напряженно,4
дышит,2
грудь,1
дороже,3
крест,1
тайный,2
путь,1
ненавижу,4
свет,1
Однообразных,5
Здравствуй,2
давний,2
бред,1
Башни,2
стрельчатый,3
рост,1
Кружевом,3
камень,2
паутиной,4
стань,1
Неба,2
пустую,3
Тонкой,2
иглою,3
рань,1
Будет,2
черед,2
Чую,2
размах,2
крыла,2
Мысли,2
живой,2
срок,1
исчерпав,3
вернусь,2
Там,1
любить,2
боюсь,2
Мороженно,4
Воздушный,3
стакан,2
ледяною,4
водою,3
шоколада,4
румяной,3
зарею,3
молочные,4
Альпы,2
мечтанье,3
ложечкой,3
звякнув,2
умильно,3
глядеть,2
тесной,2
беседке,3
пыльных,2
акаций,3
Принять,2
благосклонно,4
булочных,3
граций,2
затейливой,4
чашечке,3
хрупкую,3
снедь,1
Подруга,3
шарманки,3
появится,4
вдруг,1
Бродячего,4
ледника,3
пестрая,3
крышка,2
жадным,2
вниманием,4
смотрит,2
мальчишка,3
чудесного,4
полный,2
сундук,2
боги,2
ведают,3
возьмет,2
Алмазные,4
сливки,2
вафлю,2
начинкой,3
быстро,2
исчезнет,3
лучинкой,3
Сверкая,3
божественный,4
Поговорим,4
дивный,2
град,1
утвердился,4
купола,3
победой,3
Послушаем,4
апостольское,5
credo,0
пыль,1
радуги,3
висят,2
Авентине,4
ждут,1
царя,2
Двунадесятых,5
праздников,3
кануны,3
строгоканонические,8
луны,2
Двенадцать,3
слуг,1
календаря,4
дольний,2
глядит,2
облак,2
хмурый,2
Форумом,3
огромная,4
голова,3
обнажена,4
холод,2
католической,5
тонзуры,3
иволги,3
гласных,2
долгота,3
тонических,4
стихах,2
единственная,5
мера,2
году,2
бывает,3
разлита,3
природе,3
длительность,3
метрике,3
Гомера,3
цезурою,4
этот,2
покой,2
трудные,3
длинноты,3
Волы,2
пастбище,3
золотая,4
лень,1
тростника,3
извлечь,2
богатство,3
ноты,2
спокойных,3
пригородах,4
Сгребают,3
лопатами,4
мужиками,4
бородатыми,5
Иду,2
прохожий,3
Мелькают,3
женщины,3
платках,2
тявкают,3
дворняжки,3
шалые,3
самоваров,4
розы,2
алые,3
трактирах,3
домах,2
Медлительнее,5
снежный,2
улей,2
Прозрачнее,4
окна,2
бирюзовая,5
вуаль,2
Небрежно,3
брошена,3
стуле,2
Ткань,1
опьяненная,5
Изнеженная,5
лаской,2
испытывает,5
лето,2
тронута,3
зимой,2
ледяных,3
алмазах,3
Струится,3
мороз,2
трепетание,5
стрекоз,2
Быстроживущих,5
синеглазых,4
целомудренные,6
чары,2
Высокий,3
лад,1
глубокий,3
Далеко,3
эфирных,3
установленные,6
лары,2
тщательно,3
обмытых,3
ниш,1
часы,2
внимательных,4
закатов,3
слушаю,3
пенатов,3
восторженную,5
тишь,1
Какой,2
игрушечный,4
Какие,3
робкие,3
торс,1
точеный,3
этих,2
хрупких,2
тел,1
Иных,2
славить,2
равные,3
тобой,2
осторожною,5
рукой,2
Позволено,4
переставить,4
Нежнее,3
нежного,3
Лицо,2
твое,2
Белее,3
белого,3
рука,2
целого,3
далека,3
неизбежного,5
Неостывающих,6
тихий,2
Неунывающих,6
Речей,2
даль,1
Твоих,2
очей,2
говорить,3
Ничему,3
следует,3
учить,2
печальна,3
хороша,3
научить,3
умеет,3
вовсе,2
плывет,2
дельфином,3
молодым,3
седым,2
пучинам,3
мировым,3
прогулке,3
похороны,4
встретил,2
Близ,1
протестантской,4
кирки,2
воскресенье,4
Рассеянный,4
заметил,3
Тех,1
прихожан,3
суровое,4
волненье,3
Чужая,3
речь,1
достигала,4
слуха,2
упряжь,2
тонкая,3
сияла,3
мостовая,4
праздничная,4
глухо,2
Ленивые,4
подковы,3
отражала,4
эластичном,4
кареты,3
забилась,3
лицемерка,4
слов,1
слез,1
скупая,3
приветы,3
роз,1
мелькнула,3
бутоньерка,4
Тянулись,3
иностранцы,4
лентой,2
черной,2
шли,1
пешком,2
заплаканные,5
дамы,2
Румянец,3
вуалью,3
ними,2
кучер,2
правил,2
вдаль,1
упрямый,3
б,0
покойный,3
лютеранин,4
хоронили,4
слезой,2
приличной,3
затуманен,4
сдержанно,3
колокола,4
звонили,3
витийствовать,4
пророки,3
даже,2
предтечи,3
рая,2
боимся,3
ада,2
полдень,2
матовый,3
горим,2
тот,1
отразилась,4
нем,1
видим,2
образы,3
гражданской,3
мощи,2
прозрачном,3
воздухе,3
цирке,2
голубом,3
форуме,3
полей,2
колоннаде,4
рощи,2
кажется,3
незачем,3
напрасно,3
беспокоить,4
внутренности,4
жертв,1
войне,2
гадать,2
Рабы,2
чтобы,2
молчать,2
камни,2
строить,2
Поедем,3
Царское,3
Село,2
Свободны,3
ветрены,3
пьяны,2
улыбаются,5
уланы,3
Вскочив,2
крепкое,3
седло,2
Казармы,3
парки,2
дворцы,2
деревьях,3
клочья,2
ваты,2
грянут,2
здравия,3
раскаты,3
здорово,3
молодцы,3
Одноэтажные,6
однодумыгенералы,8
коротают,4
век,1
усталый,3
Читая,3
Ниву,2
Дюма,2
Особняки,4
Свист,1
паровоза,4
Едет,2
князь,1
стеклянном,3
павильоне,4
свита,2
саблю,2
волоча,3
Выходит,3
офицер,3
кичась,2
сомневаюсь,4
возвращается,5
домой,2
Конечно,3
этикета,4
Внушая,3
страх,1
карета,3
мощами,3
фрейлины,3
седой,2
чувствую,3
непобедимый,5
присутствии,4
таинственных,4
высот,2
ласточкой,3
доволен,3
небесах,3
колокольни,4
полет,2
старинный,3
пропастью,3
гнущихся,3
мостках,2
ком,1
бьет,1
каменных,3
часах,2
путник,2
Мелькающий,4
выцветших,3
листах,2
Действительно,4
лавина,3
горах,2
колоколах,4
бездны,2
спасет,2
Скудный,2
холодной,3
мерою,3
Сеет,2
сыром,2
лесу,2
птицу,2
серую,3
несу,2
птицей,2
раненой,3
Твердь,1
умолкла,3
умерла,3
отуманенной,5
Ктото,2
снял,1
стоит,2
осиротелая,6
немая,3
вышина,3
башня,2
белая,3
Утро,2
бездонное,4
Полуявь,3
полусон,3
Забытье,3
неутоленное,6
Дум,1
туманный,3
перезвон,3
Уничтожает,5
пламень,2
Сухую,3
ныне,2
дерево,3
пою,2
одного,3
куска,2
дуба,2
весла,2
рыбака,3
Вбивайте,3
крепче,2
сваи,2
Стучите,3
молотки,3
деревянном,4
рае,2
вещи,2
легки,2
слыхал,2
рассказов,3
Оссиана,4
пробовал,3
старинного,4
Зачем,2
мерещится,4
поляна,3
Шотландии,4
кровавая,4
перекличка,4
ворона,3
арфы,2
чудится,3
зловещей,3
тишине,3
развеваемые,6
шарфы,2
Дружинников,4
получил,3
блаженное,4
певцов,2
блуждающие,5
сны,1
Свое,2
родство,2
скучное,3
соседство,3
презирать,3
заведомо,4
вольны,2
одно,2
сокровище,4
внуков,2
правнукам,3
снова,2
скальд,1
чужую,3
песню,2
сложит,2
свою,2
ее,2
произнесет,4
тень,1
внезапных,3
облаков,3
Морская,3
гостья,2
налетела,4
проскользнув,3
прошелестела,5
Смущенных,3
мимо,2
берегов,3
строго,2
реет,2
Смертельнобледная,6
волна,2
Отпрянула,4
Коснуться,3
берега,3
смеет,2
лодка,2
волнами,3
судия,3
базилика,4
радостный,3
первый,2
Адам,2
распластывая,5
нервы,2
мышцами,3
крестовый,3
свод,1
выдает,3
снаружи,3
план,1
позаботилась,5
подпружных,3
арок,2
сила,2
масса,2
грузная,3
сокрушила,4
свода,2
дерзкого,3
бездействует,4
таран,2
Стихийный,3
лабиринт,3
непостижимый,5
лес,1
готической,4
рассудочная,5
пропасть,2
Египетская,5
мощь,1
христианства,4
робость,2
дуб,1
всюду,2
отвес,2
внимательней,4
твердыня,3
Notre,0
Dame,0
изучал,3
твои,2
чудовищные,5
ребра,2
чаще,2
тяжести,3
недоброй,3
когданибудь,4
прекрасное,4
создам,2
Паденье,3
неизменный,4
спутник,2
страха,2
самый,2
чувство,2
пустоты,3
бросает,3
высоты,3
иго,2
праха,2
деревянной,4
поступью,3
монаха,3
Мощеный,3
двор,1
мерил,2
Булыжники,4
грубые,3
мечты,2
жажда,2
размаха,3
проклят,2
готический,4
потолком,3
входящий,3
обморочен,4
очаге,3
дров,1
жгут,1
Немногие,4
живут,2
мгновенным,3
озабочен,4
жребий,2
страшен,2
непрочен,3
Императорский,5
виссон,2
колесницы,4
черном,2
столицы,3
Столпникангел,4
вознесен,3
арке,2
пловцы,2
Исчезают,4
пешеходы,4
плещутся,3
торцы,2
светла,2
Черножелтый,4
лоскут,2
злится,2
Желчь,1
двуглавого,4
орла,2
певуча,3
милых,2
имен,2
мгновенный,3
ритм,1
случай,2
Неожиданный,5
Аквилон,3
подымет,3
облако,3
пыли,2
Зашумит,3
бумажной,3
листвой,2
совсем,2
вернется,3
другой,2
Орфея,3
уйдешь,2
края,2
несозданный,4
лелея,3
забыл,2
ненужное,4
блуждал,2
игрушечной,4
открыл,2
лазоревый,4
грот,1
Неужели,4
настоящий,4
смерть,1
придет,2
сурово,3
тронь,1
комнате,3
глухого,3
Бетховена,4
горит,2
мучитель,3
Чрезмерной,3
понять,2
исполнитель,4
Испепеленную,6
тетрадь,2
стремительно,4
ступает,3
зеленой,3
шляпою,3
руке,2
кем,1
можно,2
полнее,3
чашу,2
нежности,3
испить,2
ярче,2
Усилье,3
воли,2
освятить,3
покрестьянски,4
фламандца,3
пригласил,3
ритурнель,3
пор,1
кончил,2
танца,2
Пока,2
вышел,2
буйный,2
Дионис,3
муж,1
наивный,3
благодарный,4
дитя,2
перенес,3
негодуя,4
шутя,2
каким,2
глухим,2
собирал,3
князей,2
оброк,2
рассеянным,4
вниманьем,3
фортепьянный,4
шел,1
монашеские,5
кельи,2
Всемирной,3
пророческом,4
весельи,3
Огнепоклонники,6
поют,2
пылает,3
человеке,4
унять,2
никто,2
назвать,2
смели,2
греки,2
чтили,2
неизвестный,4
бог,1
величавой,4
жертвы,2
пламя,2
Полнеба,3
охватил,3
царской,2
Разодран,3
шелковый,3
шатер,2
промежутке,4
воспаленном,4
ничего,3
указал,3
чертоге,3
тронном,2
белой,2
славы,2
пасмурный,3
влажен,2
гулок,2
Хорошо,3
нестрашно,3
одиноких,4
прогулок,3
покорно,3
понесу,3
равнодушной,4
отчизне,3
Дикой,2
уткой,2
взовьется,3
упрек,2
участвую,4
сумрачной,3
одному,3
одинок,3
грянул,2
озером,3
сонным,2
Крылья,2
уток,2
тяжелы,3
двойным,2
бытием,3
отраженным,4
Одурманены,5
сосен,2
стволы,2
тусклое,3
отсветом,3
странным,2
Мировая,4
туманная,4
позволь,2
также,2
туманным,3
Летают,3
валкирии,4
смычки,2
Громоздкая,4
опера,3
концу,2
тяжелыми,4
шубами,3
гайдуки,3
лестницах,3
господ,2
наглухо,3
упасть,2
готов,2
рукоплещет,4
райке,2
глупец,2
Извозчики,4
пляшут,2
вокруг,2
костров,2
Карету,3
такогото,4
Разъезд,2
Конец,2
будешь,2
сниться,2
ослепло,3
сгорел,2
страница,3
дыма,2
пепла,2
детские,3
книги,2
читать,2
думы,2
лелеять,3
большое,3
развеять,3
печали,3
восстать,2
смертельно,3
устал,2
приемлю,3
бедную,3
землю,2
Оттого,3
иной,2
видал,2
качался,3
далеком,3
саду,2
простой,2
качели,3
высокие,4
темные,3
ели,2
Вспоминаю,4
туманном,3
бреду,2
средиземный,4
краб,1
материк,3
широкой,3
Азии,3
Америке,4
привык,2
Слабеет,3
океан,3
Европу,3
омывая,4
Изрезаны,4
живые,3
полуостровов,5
воздушны,3
изваянья,4
женственны,3
заливов,3
Бискайи,3
Генуи,3
ленивая,4
дуга,2
Завоевателей,6
исконная,4
земля,2
Европа,3
рубище,3
Священного,4
союза,3
Пята,2
Испании,4
Италии,4
медуза,3
Польша,2
нежная,3
нету,2
короля,3
цезарей,3
Бонапарта,4
Гусиное,4
перо,2
направил,3
Меттерних,3
Впервые,3
лет,1
Меняется,4
таинственная,5
карта,2
Таким,2
единым,3
моим,2
радость,2
тихую,3
дышать,2
жить,1
благодарить,4
садовник,3
цветок,2
темнице,3
стекла,2
легло,2
Мое,2
дыхание,4
Запечатлеется,6
Неузнаваемый,6
недавних,3
Пускай,2
мгновения,4
стекает,3
муть,1
Узора,3
милого,3
зачеркнуть,3
веселым,3
ржанием,3
пасутся,3
табуны,3
римской,2
ржавчиной,3
окрасилась,4
долина,3
Сухое,3
классической,4
весны,2
Уносит,3
времени,3
прозрачная,4
стремнина,3
Топча,2
осени,3
дубовые,4
листы,2
густо,2
стелются,3
пустынною,4
тропинкой,3
вспомню,2
Цезаря,3
прекрасные,4
черты,2
профиль,2
женственный,3
коварною,4
горбинкой,3
Капитолия,5
Форума,3
вдали,2
увядания,5
спокойного,4
природы,3
Августа,3
краю,2
земли,2
Державным,3
яблоком,3
катящиеся,5
годы,2
старости,3
родился,3
вернулся,3
осень,2
добрая,3
волчицею,4
была,2
август,2
улыбнулся,4
Целый,2
сырой,2
вдыхал,2
смятенье,3
тоске,2
поужинать,4
Золотые,4
кошельке,3
дрожа,2
желтого,3
тумана,3
спустился,3
маленький,3
подвал,2
нигде,2
такого,3
ресторана,4
сброда,2
Мелкие,3
чиновники,4
японцы,3
Теоретики,5
казны,2
прилавком,3
щупает,3
червонцы,3
Будьте,2
любезны,3
разменяйте,4
Убедительно,5
прошу,2
бумажек,3
давайте,3
Трехрублевок,4
выношу,3
пьяною,3
оравой,3
попал,2
сюда,2
Боже,2
имею,3
право,2
вечного,3
романа,3
Аббат,2
Флобера,3
Золя,2
зноя,2
рыжая,3
сутана,3
шляпы,2
круглые,3
поля,2
проходит,3
полдня,2
вдоль,1
межи,2
Влача,2
остаток,3
власти,2
Рима,2
колосьев,3
спелой,2
ржи,1
Храня,2
молчанье,3
приличье,3
должен,2
пить,1
прятать,2
светское,3
обличье,3
Сияющей,4
честь,1
Цицерона,4
перине,3
отходя,3
сну,1
птицы,2
латыни,3
Молились,3
Богу,2
старину,3
Кивком,2
учтивым,3
говоря,3
Католиком,4
умрете,3
Потом,2
вздохнул,2
нынче,2
жарко,2
разговором,4
утомлен,3
Направился,4
каштанам,3
парка,2
обедал,3
Американка,5
двадцать,2
Должна,2
добраться,3
Египта,3
Забыв,2
Титаника,4
совет,2
мрачнее,3
крипта,2
красных,2
небоскребов,4
трубы,2
Холодным,3
тучам,2
отдают,3
Свои,2
прокопченные,5
губы,2
Лувре,2
океана,4
прекрасная,4
мрамор,2
сахарный,3
толочь,2
Влезает,3
белкой,2
понимая,4
Фауста,3
сожалеет,4
Людовик,3
больше,2
троне,2
прихожане,4
дети,2
доски,2
вместо,2
образов,3
мелом,2
Себастьяна,4
Баха,2
значатся,3
псалмов,2
Разноголосица,6
буйных,2
церквах,2
ликуешь,3
Исайя,3
рассудительнейший,6
Бах,1
спорщик,2
Играя,3
внукам,2
хорал,2
Опору,3
духа,2
самом,2
деле,2
доказательстве,5
искал,2
Шестнадцатые,5
доли,2
Органа,3
многосложный,4
воркотня,3
боле,2
несговорчивый,5
лютеранский,4
кафедре,3
твоими,3
гневный,2
собеседник,4
Мешает,3
своих,2
